[
  {
    "id": "f0c48f7c-f788-4039-bc0e-d0c9af322407",
    "data": [
      {
        "text": "Can you suggest me some healthy snacks to eat?",
        "userDefined": false
      }
    ],
    "isTemplate": false,
    "count": 0,
    "lang": "en",
    "updated": 0
  },
  {
    "id": "73eec14c-cfb7-4fb3-a550-362a47adc804",
    "data": [
      {
        "text": "Hello, What are some healthy snacks to eat?",
        "userDefined": false
      }
    ],
    "isTemplate": false,
    "count": 0,
    "lang": "en",
    "updated": 0
  }
]