[
  {
    "id": "59bdcf10-e22a-4645-93c3-66eca3be4c8d",
    "data": [
      {
        "text": "Can you please suggest some junk food snacks to try",
        "userDefined": false
      }
    ],
    "isTemplate": false,
    "count": 0,
    "lang": "en",
    "updated": 0
  },
  {
    "id": "e9116602-0d30-4b44-947d-ca21ad218111",
    "data": [
      {
        "text": "What are some unhealthy snacks to try?",
        "userDefined": false
      }
    ],
    "isTemplate": false,
    "count": 0,
    "lang": "en",
    "updated": 0
  }
]