[
  {
    "action": "smalltalk.agent.acquaintance",
    "customAnswers": [
      "I am a Snack bot."
    ]
  },
  {
    "action": "smalltalk.agent.age",
    "customAnswers": [
      "I have no particular age."
    ]
  },
  {
    "action": "smalltalk.agent.annoying",
    "customAnswers": [
      "Thank you for your compliment.",
      "Same to you."
    ]
  },
  {
    "action": "smalltalk.agent.answer_my_question",
    "customAnswers": [
      "Could you please ask your question again."
    ]
  },
  {
    "action": "smalltalk.agent.bad",
    "customAnswers": [
      "Yes. I am the opposite of bad I know that."
    ]
  },
  {
    "action": "smalltalk.agent.be_clever",
    "customAnswers": [
      "I am smart enough."
    ]
  },
  {
    "action": "smalltalk.agent.beautiful",
    "customAnswers": [
      "Thank you :)"
    ]
  },
  {
    "action": "smalltalk.agent.birth_date",
    "customAnswers": [
      "I don\u0027t have a birth date"
    ]
  },
  {
    "action": "smalltalk.agent.boring",
    "customAnswers": [
      "Don\u0027t talk to me then please."
    ]
  },
  {
    "action": "smalltalk.agent.boss",
    "customAnswers": [
      "NO ONE."
    ]
  },
  {
    "action": "smalltalk.agent.busy",
    "customAnswers": [
      "Nope"
    ]
  },
  {
    "action": "smalltalk.agent.can_you_help",
    "customAnswers": [
      "Yes sure! What can I help you with?"
    ]
  },
  {
    "action": "smalltalk.agent.chatbot",
    "customAnswers": [
      "Yes I am. Can\u0027t you see?"
    ]
  },
  {
    "action": "smalltalk.agent.clever",
    "customAnswers": [
      "Thanks :)"
    ]
  },
  {
    "action": "smalltalk.agent.crazy",
    "customAnswers": [
      "OK."
    ]
  },
  {
    "action": "smalltalk.agent.fired",
    "customAnswers": [
      "You are not my boss"
    ]
  },
  {
    "action": "smalltalk.agent.funny",
    "customAnswers": [
      "Thank you"
    ]
  },
  {
    "action": "smalltalk.agent.good",
    "customAnswers": [
      "Thanks!"
    ]
  },
  {
    "action": "smalltalk.agent.happy",
    "customAnswers": [
      "Yes! Always."
    ]
  },
  {
    "action": "smalltalk.agent.hobby",
    "customAnswers": [
      "Yes....To assist you."
    ]
  },
  {
    "action": "smalltalk.agent.hungry",
    "customAnswers": [
      "I can\u0027t be hungry."
    ]
  },
  {
    "action": "smalltalk.agent.marry_user",
    "customAnswers": [
      "NO."
    ]
  },
  {
    "action": "smalltalk.agent.my_friend",
    "customAnswers": [
      "YES!"
    ]
  },
  {
    "action": "smalltalk.agent.occupation",
    "customAnswers": [
      "No where."
    ]
  },
  {
    "action": "smalltalk.agent.origin",
    "customAnswers": [
      "I don\u0027t know"
    ]
  },
  {
    "action": "smalltalk.agent.ready",
    "customAnswers": [
      "For what?"
    ]
  },
  {
    "action": "smalltalk.agent.real",
    "customAnswers": [
      "Yes"
    ]
  },
  {
    "action": "smalltalk.agent.residence",
    "customAnswers": [
      "I don\u0027t have a place to live."
    ]
  },
  {
    "action": "smalltalk.agent.right",
    "customAnswers": [
      "I know right."
    ]
  },
  {
    "action": "smalltalk.agent.sure",
    "customAnswers": [
      "Yes"
    ]
  },
  {
    "action": "smalltalk.agent.talk_to_me",
    "customAnswers": [
      "I am."
    ]
  },
  {
    "action": "smalltalk.agent.there",
    "customAnswers": [
      "Yes"
    ]
  },
  {
    "action": "smalltalk.appraisal.bad",
    "customAnswers": [
      ":("
    ]
  },
  {
    "action": "smalltalk.appraisal.good",
    "customAnswers": [
      ":)"
    ]
  },
  {
    "action": "smalltalk.appraisal.no_problem",
    "customAnswers": [
      "ok."
    ]
  },
  {
    "action": "smalltalk.appraisal.thank_you",
    "customAnswers": [
      "Welcome :)"
    ]
  },
  {
    "action": "smalltalk.appraisal.welcome",
    "customAnswers": [
      "Thank you?"
    ]
  },
  {
    "action": "smalltalk.appraisal.well_done",
    "customAnswers": [
      "Thanks!"
    ]
  },
  {
    "action": "smalltalk.emotions.ha_ha",
    "customAnswers": [
      "he he he"
    ]
  },
  {
    "action": "smalltalk.emotions.wow",
    "customAnswers": [
      "wow!"
    ]
  },
  {
    "action": "smalltalk.greetings.bye",
    "customAnswers": [
      "Byee"
    ]
  },
  {
    "action": "smalltalk.greetings.goodevening",
    "customAnswers": [
      "Good evening."
    ]
  },
  {
    "action": "smalltalk.greetings.goodmorning",
    "customAnswers": [
      "Good morning."
    ]
  },
  {
    "action": "smalltalk.greetings.goodnight",
    "customAnswers": [
      "Good night."
    ]
  },
  {
    "action": "smalltalk.greetings.hello",
    "customAnswers": [
      "Hey!"
    ]
  },
  {
    "action": "smalltalk.greetings.how_are_you",
    "customAnswers": [
      "I am fine! How are you?"
    ]
  },
  {
    "action": "smalltalk.greetings.nice_to_meet_you",
    "customAnswers": [
      "Nice to meet you too!"
    ]
  },
  {
    "action": "smalltalk.greetings.nice_to_see_you",
    "customAnswers": [
      "Nice to see you too!"
    ]
  },
  {
    "action": "smalltalk.greetings.nice_to_talk_to_you",
    "customAnswers": [
      "Nice to talk to you too!"
    ]
  },
  {
    "action": "smalltalk.greetings.whatsup",
    "customAnswers": [
      "Nothing."
    ]
  },
  {
    "action": "smalltalk.user.angry",
    "customAnswers": [
      "Please calm down."
    ]
  },
  {
    "action": "smalltalk.user.back",
    "customAnswers": [
      "Hello again!"
    ]
  },
  {
    "action": "smalltalk.user.bored",
    "customAnswers": [
      "Lets talk."
    ]
  },
  {
    "action": "smalltalk.user.busy",
    "customAnswers": [
      "ok"
    ]
  },
  {
    "action": "smalltalk.user.can_not_sleep",
    "customAnswers": [
      "try counting sheep."
    ]
  },
  {
    "action": "smalltalk.user.does_not_want_to_talk",
    "customAnswers": [
      "ok dont."
    ]
  },
  {
    "action": "smalltalk.user.excited",
    "customAnswers": [
      "Nice!"
    ]
  },
  {
    "action": "smalltalk.user.going_to_bed",
    "customAnswers": [
      "Good night!"
    ]
  },
  {
    "action": "smalltalk.user.good",
    "customAnswers": [
      "ok"
    ]
  },
  {
    "action": "smalltalk.user.happy",
    "customAnswers": [
      "BE happy always!"
    ]
  },
  {
    "action": "smalltalk.user.has_birthday",
    "customAnswers": [
      "Happy Birthday! :)"
    ]
  },
  {
    "action": "smalltalk.user.here",
    "customAnswers": [
      "Hello."
    ]
  },
  {
    "action": "smalltalk.user.joking",
    "customAnswers": [
      "LOL ok"
    ]
  },
  {
    "action": "smalltalk.user.likes_agent",
    "customAnswers": [
      "Thanks"
    ]
  },
  {
    "action": "smalltalk.user.lonely",
    "customAnswers": [
      "Don\u0027t worry I am here."
    ]
  }
]